"year","month","month_name","orders","units_sold","gross_sales","net_sales","aov","return_rate"
2025,1,"January",1276,3787.0,92051805.0,82300199.0,64498.59,11.91
2025,2,"February",1183,3457.0,84995761.0,74698527.0,63143.3,12.51
2025,3,"March",1226,3689.0,93064358.0,79302148.0,64683.64,14.27
2025,4,"April",1203,3608.0,91388987.0,80012881.0,66511.12,11.89
2025,5,"May",1267,3839.0,97195856.0,85579858.0,67545.27,11.13
2025,6,"June",1225,3623.0,89730702.0,77753720.0,63472.42,12.82
2025,7,"July",1306,3861.0,95176927.0,85973567.0,65829.68,10.72
2025,8,"August",1312,3950.0,97576560.0,85510703.0,65175.84,13.03
2025,9,"September",1248,3637.0,91225559.0,80230633.0,64287.37,11.54
2025,10,"October",1233,3684.0,93478366.0,80907975.0,65618.8,13.14
2025,11,"November",1225,3724.0,94809197.0,84704393.0,69146.44,10.86
2025,12,"December",1296,3911.0,97467838.0,84811540.0,65441.0,11.73
