"Product_Category","Product_Name","orders","units_sold","gross_sales","net_sales","avg_rating","returned_orders","return_rate"
"Beauty","Face Cream",596,1766.0,43464138.0,38824331.0,3.1,63.0,10.57
"Beauty","Hair Dryer",599,1839.0,47428855.0,40586482.0,2.87,83.0,13.86
"Beauty","Lipstick",590,1871.0,48159021.0,42208840.0,3.1,76.0,12.88
"Beauty","Perfume",629,1887.0,46284734.0,41362803.0,3.06,74.0,11.76
"Beauty","Shampoo",583,1727.0,42152911.0,36786052.0,3.05,65.0,11.15
"Books","Biography",579,1715.0,43811485.0,38283538.0,3.03,71.0,12.26
"Books","Children's Book",636,1881.0,48145674.0,43079857.0,3.03,79.0,12.42
"Books","Comics",597,1766.0,45027268.0,39798102.0,3.09,72.0,12.06
"Books","Fiction Novel",599,1790.0,44408344.0,38723051.0,2.98,81.0,13.52
"Books","Science Textbook",624,1798.0,43606473.0,37376900.0,3.03,84.0,13.46
"Clothing","Jacket",601,1749.0,44260814.0,40008335.0,3.05,61.0,10.15
"Clothing","Jeans",604,1808.0,45232821.0,39551736.0,2.98,83.0,13.74
"Clothing","Saree",598,1774.0,43532095.0,37243499.0,2.94,79.0,13.21
"Clothing","Sneakers",596,1824.0,46057306.0,40686557.0,2.97,75.0,12.58
"Clothing","T-Shirt",623,1769.0,43326318.0,37853380.0,3.04,81.0,13.0
"Electronics","Headphones",610,1880.0,48044410.0,42126613.0,3.09,69.0,11.31
"Electronics","Laptop",618,1834.0,46173874.0,40459666.0,3.07,78.0,12.62
"Electronics","Smartphone",577,1728.0,42171547.0,36535852.0,3.0,71.0,12.31
"Electronics","Smartwatch",615,1822.0,44005094.0,37414990.0,3.1,83.0,13.5
"Electronics","Tablet",616,1808.0,46170013.0,42081597.0,3.09,61.0,9.9
"Home & Kitchen","Air Fryer",614,1829.0,45919707.0,39894781.0,3.05,80.0,13.03
"Home & Kitchen","Cookware Set",577,1747.0,44375341.0,37861867.0,2.99,75.0,13.0
"Home & Kitchen","Mixer Grinder",582,1755.0,43449509.0,38894401.0,3.08,62.0,10.65
"Home & Kitchen","Vacuum Cleaner",567,1674.0,41229362.0,36618446.0,3.06,60.0,10.58
"Home & Kitchen","Water Purifier",570,1729.0,41724802.0,37524468.0,3.13,52.0,9.12
