"State","orders","customers","units_sold","net_revenue","aov","return_rate"
"Andhra Pradesh",480,462,1458.0,32689017.0,68102.12,10.83
"Arunachal Pradesh",519,502,1579.0,34971241.0,67381.97,10.98
"Assam",553,540,1619.0,33757435.0,61044.19,14.65
"Bihar",549,538,1653.0,36682487.0,66816.92,10.93
"Chhattisgarh",556,532,1680.0,36576274.0,65784.67,13.85
"Goa",522,503,1595.0,35384084.0,67785.6,12.64
"Gujarat",504,484,1436.0,32038908.0,63569.26,11.51
"Haryana",518,505,1541.0,34521822.0,66644.44,11.0
"Himachal Pradesh",492,477,1494.0,33291966.0,67666.6,10.98
"Jharkhand",547,535,1630.0,35479485.0,64861.95,10.97
"Karnataka",539,513,1608.0,33422036.0,62007.49,14.1
"Kerala",510,501,1556.0,34218293.0,67094.69,11.37
"Madhya Pradesh",550,541,1670.0,35351606.0,64275.65,11.09
"Maharashtra",531,514,1560.0,34627976.0,65212.76,10.36
"Manipur",555,541,1610.0,35382047.0,63751.44,12.97
"Meghalaya",559,540,1707.0,37431592.0,66961.7,13.24
"Mizoram",505,497,1527.0,34118062.0,67560.52,12.67
"Nagaland",545,533,1582.0,34122726.0,62610.51,12.11
"Odisha",542,523,1590.0,34936529.0,64458.54,13.47
"Punjab",527,509,1525.0,35457959.0,67282.65,11.57
"Rajasthan",568,550,1676.0,37968749.0,66846.39,10.56
"Sikkim",596,572,1753.0,38422716.0,64467.64,12.08
"Tamil Nadu",567,546,1741.0,36536020.0,64437.43,12.87
"Telangana",544,531,1577.0,34089654.0,62664.81,12.32
"Tripura",540,523,1599.0,36004278.0,66674.59,10.74
"Uttar Pradesh",551,528,1692.0,35583154.0,64579.23,14.16
"Uttarakhand",503,493,1524.0,33288266.0,66179.46,11.53
"West Bengal",528,515,1588.0,35431762.0,67105.61,13.26
